{
    "total_flos": 1.9168678599981466e+17,
    "train_loss": 0.7248925694434766,
    "train_runtime": 13240.0531,
    "train_samples_per_second": 1.382,
    "train_steps_per_second": 0.173
}